{
  "project_info": {
    "project_number": "349033980650",
    "project_id": "emp-for-unitri",
    "storage_bucket": "emp-for-unitri.appspot.com"
  },
  "client": [
    {
      "client_info": {
        "mobilesdk_app_id": "1:349033980650:android:5dbd4e52f28127f002ed93",
        "android_client_info": {
          "package_name": "com.example.emp"
        }
      },
      "oauth_client": [
        {
          "client_id": "349033980650-t4a9am08b5b8n3fmf16b83si4ck5mb8m.apps.googleusercontent.com",
          "client_type": 3
        }
      ],
      "api_key": [
        {
          "current_key": "AIzaSyDEq-JYgbE7OgFJQy1lh7EE-hqaXsFGNuE"
        }
      ],
      "services": {
        "appinvite_service": {
          "other_platform_oauth_client": [
            {
              "client_id": "349033980650-t4a9am08b5b8n3fmf16b83si4ck5mb8m.apps.googleusercontent.com",
              "client_type": 3
            }
          ]
        }
      }
    }
  ],
  "configuration_version": "1"
}